{
  "rows_used": 1881,
  "train_rows": 1504,
  "test_rows": 377,
  "mae": 0.12991892531616733,
  "r2": 0.05317414048745406,
  "target_mean": 0.18816121325094415
}