{
  "rows_used": 377,
  "overall_mae_mean": 0.0550627408202327,
  "overall_r2_mean": -0.11765959420004408,
  "per_reason": {
    "lost_to_follow_up": {
      "mae": 0.055239513134618376,
      "r2": -0.10551073364971564
    },
    "adverse_event": {
      "mae": 0.0286208678985861,
      "r2": -0.0026981708553852624
    },
    "withdrawal_by_subject": {
      "mae": 0.04566487989661854,
      "r2": -0.40445852852458963
    },
    "lack_of_efficacy": {
      "mae": 0.013983230071627899,
      "r2": -0.049678526630918984
    },
    "protocol_violation": {
      "mae": 0.007407438117662494,
      "r2": 0.037262301295863276
    },
    "physician_decision": {
      "mae": 0.007572104486300421,
      "r2": -0.2911879330110212
    },
    "other": {
      "mae": 0.22695115213621497,
      "r2": -0.007345568024539784
    }
  }
}